progetto;importo;percentuale importo
1.1 Infrastrutture digitali;195819459;7.06
1.2 Abilitazione e facilitazione migrazione al Cloud;960050472;34.62
1.3.1 Piattaforma Digitale Nazionale Dati;239302152;8.63
1.4.1 Esperienza del cittadino nei servizi pubblici;792587304;28.58
1.4.3 Adozione AppIO;67766092;2.44
1.4.3 Adozione PagoPA;175582184;6.33
1.4.4 Adozione identità digitale - ANSC;47545425;1.71
1.4.4 Adozione identità digitale - SPID/CIE;99064000;3.57
1.4.5 Digitalizzazione degli avvisi pubblici;195145555;7.04
